<?xml version="1.0"?>
<opencv_storage>
<cascade>
  <stageType>BOOST</stageType>
  <featureType>HAAR</featureType>
  <height>24</height>
  <width>24</width>
  <stageParams>
    <boostType>GAB</boostType>
    <minHitRate>9.9500000476837158e-01</minHitRate>
    <maxFalseAlarm>5.0000000000000000e-01</maxFalseAlarm>
    <weightTrimRate>9.4999999999999996e-01</weightTrimRate>
    <maxDepth>1</maxDepth>
    <maxWeakCount>100</maxWeakCount></stageParams>
  <featureParams>
    <maxCatCount>0</maxCatCount>
    <featSize>1</featSize>
    <mode>BASIC</mode></featureParams>
  <stageNum>20</stageNum>
  <stages>
    <!-- stage 0 -->
    <_>
      <maxWeakCount>3</maxWeakCount>
      <stageThreshold>-1.0176035165786743e+00</stageThreshold>
      <weakClassifiers>
        <_>
          <internalNodes>
            0 -1 8 -4.8701610416173935e-02</internalNodes>
          <leafValues>
            8.9795917272567749e-01 -8.6274510622024536e-01</leafValues></_>
        <_>
          <internalNodes>
            0 -1 34 -1.2129037082195282e-01</internalNodes>
          <leafValues>
            -7.9701191186904907e-01 9.0143781900405884e-01</leafValues></_>
        <_>
          <internalNodes>
            0 -1 62 -1.4035004191100597e-02</internalNodes>
          <leafValues>
            6.4215344190597534e-01 -8.1515300273895264e-01</leafValues></_></weakClassifiers></_>
    <!-- stage 1 -->
    <_>
      <maxWeakCount>4</maxWeakCount>
      <stageThreshold>-1.5160198211669922e+00</stageThreshold>
      <weakClassifiers>
        <_>
          <internalNodes>
            0 -1 97 7.8138276934623718e-02</internalNodes>
          <leafValues>
            -8.5567009449005127e-01 8.0582523345947266e-01</leafValues></_>
        <_>
          <internalNodes>
            0 -1 38 -9.1089144349098206e-02</internalNodes>
          <leafValues>
            -7.2148358821868896e-01 8.2568001747131348e-01</leafValues></_>
        <_>
          <internalNodes>
            0 -1 14 2.8381653130054474e-02</internalNodes>
          <leafValues>
            -6.0673749446868896e-01 6.0059142112731934e-01</leafValues></_>
        <_>
          <internalNodes>
            0 -1 5 -1.7822366952896118e-01</internalNodes>
          <leafValues>
            6.6787135601043701e-01 -6.2937134504318237e-01</leafValues></_></weakClassifiers></_>
    <!-- stage 2 -->
    <_>
      <maxWeakCount>4</maxWeakCount>
      <stageThreshold>-7.1571779251098633e-01</stageThreshold>
      <weakClassifiers>
        <_>
          <internalNodes>
            0 -1 90 1.3338185846805573e-01</internalNodes>
          <leafValues>
            -7.6470589637756348e-01 7.9591834545135498e-01</leafValues></_>
        <_>
          <internalNodes>
            0 -1 51 -1.9577383995056152e-02</internalNodes>
          <leafValues>
            -8.8821291923522949e-01 5.1468867063522339e-01</leafValues></_>
        <_>
          <internalNodes>
            0 -1 77 1.8866176251322031e-03</internalNodes>
          <leafValues>
            -8.7273955345153809e-01 4.4174721837043762e-01</leafValues></_>
        <_>
          <internalNodes>
            0 -1 78 -7.6205446384847164e-04</internalNodes>
          <leafValues>
            4.9545380473136902e-01 -8.4194713830947876e-01</leafValues></_></weakClassifiers></_>
    <!-- stage 3 -->
    <_>
      <maxWeakCount>5</maxWeakCount>
      <stageThreshold>-1.1899819374084473e+00</stageThreshold>
      <weakClassifiers>
        <_>
          <internalNodes>
            0 -1 0 -2.2782668471336365e-02</internalNodes>
          <leafValues>
            7.3469388484954834e-01 -7.0588237047195435e-01</leafValues></_>
        <_>
          <internalNodes>
            0 -1 111 2.6223354041576385e-02</internalNodes>
          <leafValues>
            -7.0469576120376587e-01 6.4059829711914063e-01</leafValues></_>
        <_>
          <internalNodes>
            0 -1 17 2.7072226628661156e-02</internalNodes>
          <leafValues>
            -7.2341424226760864e-01 5.7093608379364014e-01</leafValues></_>
        <_>
          <internalNodes>
            0 -1 7 -1.1162984371185303e-01</internalNodes>
          <leafValues>
            4.0586286783218384e-01 -8.2875925302505493e-01</leafValues></_>
        <_>
          <internalNodes>
            0 -1 60 -1.5291373711079359e-04</internalNodes>
          <leafValues>
            5.3814756870269775e-01 -6.0438787937164307e-01</leafValues></_></weakClassifiers></_>
    <!-- stage 4 -->
    <_>
      <maxWeakCount>5</maxWeakCount>
      <stageThreshold>-9.1911417245864868e-01</stageThreshold>
      <weakClassifiers>
        <_>
          <internalNodes>
            0 -1 2 -3.2828740775585175e-02</internalNodes>
          <leafValues>
            5.6302523612976074e-01 -8.2716047763824463e-01</leafValues></_>
        <_>
          <internalNodes>
            0 -1 43 -1.1171477288007736e-01</internalNodes>
          <leafValues>
            -8.3522611856460571e-01 4.0655538439750671e-01</leafValues></_>
        <_>
          <internalNodes>
            0 -1 99 -5.0112704047933221e-04</internalNodes>
          <leafValues>
            6.1988800764083862e-01 -5.4484754800796509e-01</leafValues></_>
        <_>
          <internalNodes>
            0 -1 104 5.6799203157424927e-02</internalNodes>
          <leafValues>
            -6.3978546857833862e-01 5.6176352500915527e-01</leafValues></_>
        <_>
          <internalNodes>
            0 -1 74 8.1270304508507252e-04</internalNodes>
          <leafValues>
            -4.2959100008010864e-01 7.6316988468170166e-01</leafValues></_></weakClassifiers></_>
    <!-- stage 5 -->
    <_>
      <maxWeakCount>5</maxWeakCount>
      <stageThreshold>-9.7833961248397827e-01</stageThreshold>
      <weakClassifiers>
        <_>
          <internalNodes>
            0 -1 21 -5.3945176303386688e-02</internalNodes>
          <leafValues>
            5.0000000000000000e-01 -7.5000000000000000e-01</leafValues></_>
        <_>
          <internalNodes>
            0 -1 40 3.1768609769642353e-03</internalNodes>
          <leafValues>
            -6.1830276250839233e-01 5.6058633327484131e-01</leafValues></_>
        <_>
          <internalNodes>
            0 -1 63 -5.2880549430847168e-01</internalNodes>
          <leafValues>
            3.4258908033370972e-01 -8.6750668287277222e-01</leafValues></_>
        <_>
          <internalNodes>
            0 -1 64 -5.9316243976354599e-02</internalNodes>
          <leafValues>
            -7.2236871719360352e-01 4.1267615556716919e-01</leafValues></_>
        <_>
          <internalNodes>
            0 -1 73 -4.9426686018705368e-04</internalNodes>
          <leafValues>
            7.6974278688430786e-01 -4.4558781385421753e-01</leafValues></_></weakClassifiers></_>
    <!-- stage 6 -->
    <_>
      <maxWeakCount>5</maxWeakCount>
      <stageThreshold>-1.1368944644927979e+00</stageThreshold>
      <weakClassifiers>
        <_>
          <internalNodes>
            0 -1 95 3.5927582532167435e-02</internalNodes>
          <leafValues>
            -7.5675678253173828e-01 4.4444444775581360e-01</leafValues></_>
        <_>
          <internalNodes>
            0 -1 69 -9.4191737473011017e-02</internalNodes>
          <leafValues>
            -8.6699426174163818e-01 3.3204111456871033e-01</leafValues></_>
        <_>
          <internalNodes>
            0 -1 44 -3.9061444997787476e-01</internalNodes>
          <leafValues>
            2.6834633946418762e-01 -9.7087103128433228e-01</leafValues></_>
        <_>
          <internalNodes>
            0 -1 4 -2.5216005742549896e-02</internalNodes>
          <leafValues>
            4.4614267349243164e-01 -6.3405573368072510e-01</leafValues></_>
        <_>
          <internalNodes>
            0 -1 61 -1.9781505689024925e-03</internalNodes>
          <leafValues>
            8.5256594419479370e-01 -3.7280708551406860e-01</leafValues></_></weakClassifiers></_>
    <!-- stage 7 -->
    <_>
      <maxWeakCount>5</maxWeakCount>
      <stageThreshold>-6.3057440519332886e-01</stageThreshold>
      <weakClassifiers>
        <_>
          <internalNodes>
            0 -1 117 4.8141861334443092e-03</internalNodes>
          <leafValues>
            -6.6315788030624390e-01 6.0000002384185791e-01</leafValues></_>
        <_>
          <internalNodes>
            0 -1 10 -1.3083908706903458e-02</internalNodes>
          <leafValues>
            4.2324897646903992e-01 -6.7181867361068726e-01</leafValues></_>
        <_>
          <internalNodes>
            0 -1 67 1.5171553241088986e-03</internalNodes>
          <leafValues>
            -3.8725465536117554e-01 6.6380810737609863e-01</leafValues></_>
        <_>
          <internalNodes>
            0 -1 107 1.2883180752396584e-02</internalNodes>
          <leafValues>
            -6.3377815485000610e-01 4.5881778001785278e-01</leafValues></_>
        <_>
          <internalNodes>
            0 -1 96 -8.6571976542472839e-02</internalNodes>
          <leafValues>
            6.9336384534835815e-01 -4.2069542407989502e-01</leafValues></_></weakClassifiers></_>
    <!-- stage 8 -->
    <_>
      <maxWeakCount>5</maxWeakCount>
      <stageThreshold>-3.8272321224212646e-01</stageThreshold>
      <weakClassifiers>
        <_>
          <internalNodes>
            0 -1 54 -3.5060107707977295e-02</internalNodes>
          <leafValues>
            -8.7096774578094482e-01 3.9130434393882751e-01</leafValues></_>
        <_>
          <internalNodes>
            0 -1 80 1.2074813712388277e-03</internalNodes>
          <leafValues>
            -3.7601459026336670e-01 8.9082127809524536e-01</leafValues></_>
        <_>
          <internalNodes>
            0 -1 1 -1.6210943460464478e-02</internalNodes>
          <leafValues>
            3.8093572854995728e-01 -7.9460710287094116e-01</leafValues></_>
        <_>
          <internalNodes>
            0 -1 81 -6.0788122937083244e-04</internalNodes>
          <leafValues>
            7.7104103565216064e-01 -3.7290453910827637e-01</leafValues></_>
        <_>
          <internalNodes>
            0 -1 37 -5.3562020184472203e-04</internalNodes>
          <leafValues>
            9.2272621393203735e-01 -2.8771767020225525e-01</leafValues></_></weakClassifiers></_>
    <!-- stage 9 -->
    <_>
      <maxWeakCount>7</maxWeakCount>
      <stageThreshold>-7.5945240259170532e-01</stageThreshold>
      <weakClassifiers>
        <_>
          <internalNodes>
            0 -1 3 -9.4146672636270523e-03</internalNodes>
          <leafValues>
            4.6456691622734070e-01 -8.0821919441223145e-01</leafValues></_>
        <_>
          <internalNodes>
            0 -1 41 4.2361326515674591e-02</internalNodes>
          <leafValues>
            -4.9420493841171265e-01 5.1595616340637207e-01</leafValues></_>
        <_>
          <internalNodes>
            0 -1 100 2.3587973555549979e-04</internalNodes>
          <leafValues>
            -3.2394063472747803e-01 7.0321017503738403e-01</leafValues></_>
        <_>
          <internalNodes>
            0 -1 98 1.4582752482965589e-03</internalNodes>
          <leafValues>
            -3.5411146283149719e-01 7.4866598844528198e-01</leafValues></_>
        <_>
          <internalNodes>
            0 -1 23 -3.9649611711502075e-01</internalNodes>
          <leafValues>
            -6.6389375925064087e-01 4.6807238459587097e-01</leafValues></_>
        <_>
          <internalNodes>
            0 -1 20 -1.3057461380958557e-01</internalNodes>
          <leafValues>
            -9.8489844799041748e-01 2.2983831167221069e-01</leafValues></_>
        <_>
          <internalNodes>
            0 -1 84 -2.3680926824454218e-04</internalNodes>
          <leafValues>
            6.2792837619781494e-01 -4.0958014130592346e-01</leafValues></_></weakClassifiers></_>
    <!-- stage 10 -->
    <_>
      <maxWeakCount>7</maxWeakCount>
      <stageThreshold>-8.6979734897613525e-01</stageThreshold>
      <weakClassifiers>
        <_>
          <internalNodes>
            0 -1 27 1.5924727544188499e-02</internalNodes>
          <leafValues>
            -5.2941179275512695e-01 5.5102038383483887e-01</leafValues></_>
        <_>
          <internalNodes>
            0 -1 11 -3.9066141843795776e-01</internalNodes>
          <leafValues>
            3.3582699298858643e-01 -6.4136427640914917e-01</leafValues></_>
        <_>
          <internalNodes>
            0 -1 50 -6.3163307495415211e-03</internalNodes>
          <leafValues>
            -6.7417138814926147e-01 4.1229763627052307e-01</leafValues></_>
        <_>
          <internalNodes>
            0 -1 22 -5.9028202667832375e-03</internalNodes>
          <leafValues>
            4.1404464840888977e-01 -5.4664295911788940e-01</leafValues></_>
        <_>
          <internalNodes>
            0 -1 83 -9.6244923770427704e-04</internalNodes>
          <leafValues>
            5.4275244474411011e-01 -4.0689012408256531e-01</leafValues></_>
        <_>
          <internalNodes>
            0 -1 48 -2.6437186170369387e-04</internalNodes>
          <leafValues>
            7.4668771028518677e-01 -2.7310553193092346e-01</leafValues></_>
        <_>
          <internalNodes>
            0 -1 6 -5.9677602257579565e-04</internalNodes>
          <leafValues>
            2.7495488524436951e-01 -8.1859618425369263e-01</leafValues></_></weakClassifiers></_>
    <!-- stage 11 -->
    <_>
      <maxWeakCount>5</maxWeakCount>
      <stageThreshold>-7.8523576259613037e-01</stageThreshold>
      <weakClassifiers>
        <_>
          <internalNodes>
            0 -1 70 -1.5972632169723511e-01</internalNodes>
          <leafValues>
            -9.5348834991455078e-01 2.6114648580551147e-01</leafValues></_>
        <_>
          <internalNodes>
            0 -1 46 -2.7485108375549316e-01</internalNodes>
          <leafValues>
            2.1253226697444916e-01 -8.9522242546081543e-01</leafValues></_>
        <_>
          <internalNodes>
            0 -1 112 2.4712879210710526e-02</internalNodes>
          <leafValues>
            -6.4613372087478638e-01 3.4530958533287048e-01</leafValues></_>
        <_>
          <internalNodes>
            0 -1 47 4.6484107151627541e-03</internalNodes>
          <leafValues>
            -3.1091988086700439e-01 6.8813890218734741e-01</leafValues></_>
        <_>
          <internalNodes>
            0 -1 118 6.3911924371495843e-04</internalNodes>
          <leafValues>
            -2.1807509660720825e-01 9.1277396678924561e-01</leafValues></_></weakClassifiers></_>
    <!-- stage 12 -->
    <_>
      <maxWeakCount>6</maxWeakCount>
      <stageThreshold>-1.1689308881759644e+00</stageThreshold>
      <weakClassifiers>
        <_>
          <internalNodes>
            0 -1 52 -7.0233106613159180e-02</internalNodes>
          <leafValues>
            -9.2592591047286987e-01 3.4246575832366943e-01</leafValues></_>
        <_>
          <internalNodes>
            0 -1 57 -2.3172693327069283e-03</internalNodes>
          <leafValues>
            3.1786340475082397e-01 -6.1482834815979004e-01</leafValues></_>
        <_>
          <internalNodes>
            0 -1 116 2.5281589478254318e-03</internalNodes>
          <leafValues>
            -6.5748053789138794e-01 3.4359765052795410e-01</leafValues></_>
        <_>
          <internalNodes>
            0 -1 33 2.2234814241528511e-03</internalNodes>
          <leafValues>
            -3.5403364896774292e-01 6.7277091741561890e-01</leafValues></_>
        <_>
          <internalNodes>
            0 -1 103 -1.5370935201644897e-02</internalNodes>
          <leafValues>
            6.8537354469299316e-01 -3.3781415224075317e-01</leafValues></_>
        <_>
          <internalNodes>
            0 -1 91 -2.8354567475616932e-03</internalNodes>
          <leafValues>
            7.8845995664596558e-01 -3.0756029486656189e-01</leafValues></_></weakClassifiers></_>
    <!-- stage 13 -->
    <_>
      <maxWeakCount>7</maxWeakCount>
      <stageThreshold>-1.0240688323974609e+00</stageThreshold>
      <weakClassifiers>
        <_>
          <internalNodes>
            0 -1 19 -1.6898067668080330e-02</internalNodes>
          <leafValues>
            4.0740740299224854e-01 -4.7826087474822998e-01</leafValues></_>
        <_>
          <internalNodes>
            0 -1 55 -5.9671411290764809e-03</internalNodes>
          <leafValues>
            6.5775960683822632e-01 -3.1706950068473816e-01</leafValues></_>
        <_>
          <internalNodes>
            0 -1 32 -1.0422360897064209e-01</internalNodes>
          <leafValues>
            -5.4374808073043823e-01 3.9041617512702942e-01</leafValues></_>
        <_>
          <internalNodes>
            0 -1 15 -4.6648355200886726e-03</internalNodes>
          <leafValues>
            6.3704401254653931e-01 -3.7113228440284729e-01</leafValues></_>
        <_>
          <internalNodes>
            0 -1 87 -3.2146219746209681e-04</internalNodes>
          <leafValues>
            6.9125086069107056e-01 -3.1115245819091797e-01</leafValues></_>
        <_>
          <internalNodes>
            0 -1 25 4.8811389133334160e-03</internalNodes>
          <leafValues>
            -2.6146611571311951e-01 7.5732147693634033e-01</leafValues></_>
        <_>
          <internalNodes>
            0 -1 114 -7.0169407990761101e-05</internalNodes>
          <leafValues>
            -7.3652815818786621e-01 2.8393134474754333e-01</leafValues></_></weakClassifiers></_>
    <!-- stage 14 -->
    <_>
      <maxWeakCount>7</maxWeakCount>
      <stageThreshold>-1.0452934503555298e+00</stageThreshold>
      <weakClassifiers>
        <_>
          <internalNodes>
            0 -1 93 -1.4630943536758423e-02</internalNodes>
          <leafValues>
            3.7190082669258118e-01 -5.6962025165557861e-01</leafValues></_>
        <_>
          <internalNodes>
            0 -1 108 -4.9291760660707951e-04</internalNodes>
          <leafValues>
            4.9546897411346436e-01 -3.7109452486038208e-01</leafValues></_>
        <_>
          <internalNodes>
            0 -1 88 1.9617006182670593e-03</internalNodes>
          <leafValues>
            -3.4810784459114075e-01 5.7300031185150146e-01</leafValues></_>
        <_>
          <internalNodes>
            0 -1 65 -7.7034602873027325e-04</internalNodes>
          <leafValues>
            7.3837894201278687e-01 -2.8724619746208191e-01</leafValues></_>
        <_>
          <internalNodes>
            0 -1 53 6.3719833269715309e-03</internalNodes>
          <leafValues>
            3.3821329474449158e-01 -7.3322594165802002e-01</leafValues></_>
        <_>
          <internalNodes>
            0 -1 115 -1.8593573477119207e-03</internalNodes>
          <leafValues>
            6.7938506603240967e-01 -4.3501582741737366e-01</leafValues></_>
        <_>
          <internalNodes>
            0 -1 85 -9.6187119197566062e-05</internalNodes>
          <leafValues>
            6.2757790088653564e-01 -4.1234058141708374e-01</leafValues></_></weakClassifiers></_>
    <!-- stage 15 -->
    <_>
      <maxWeakCount>8</maxWeakCount>
      <stageThreshold>-5.0980323553085327e-01</stageThreshold>
      <weakClassifiers>
        <_>
          <internalNodes>
            0 -1 18 2.0978730171918869e-03</internalNodes>
          <leafValues>
            -1.9018404185771942e-01 8.3783781528472900e-01</leafValues></_>
        <_>
          <internalNodes>
            0 -1 58 -1.2184454500675201e-01</internalNodes>
          <leafValues>
            -6.4830785989761353e-01 2.6583823561668396e-01</leafValues></_>
        <_>
          <internalNodes>
            0 -1 110 -1.1649368330836296e-02</internalNodes>
          <leafValues>
            2.2404457628726959e-01 -8.2256996631622314e-01</leafValues></_>
        <_>
          <internalNodes>
            0 -1 94 -7.4233685154467821e-04</internalNodes>
          <leafValues>
            9.2483562231063843e-01 -2.4122343957424164e-01</leafValues></_>
        <_>
          <internalNodes>
            0 -1 92 -1.5902945306152105e-03</internalNodes>
          <leafValues>
            8.1220763921737671e-01 -2.2489933669567108e-01</leafValues></_>
        <_>
          <internalNodes>
            0 -1 76 -2.4972531944513321e-02</internalNodes>
          <leafValues>
            4.0757328271865845e-01 -4.6257290244102478e-01</leafValues></_>
        <_>
          <internalNodes>
            0 -1 106 2.5981295853853226e-02</internalNodes>
          <leafValues>
            -3.3544421195983887e-01 6.6631090641021729e-01</leafValues></_>
        <_>
          <internalNodes>
            0 -1 24 -3.5889842547476292e-03</internalNodes>
          <leafValues>
            4.9863785505294800e-01 -3.8798239827156067e-01</leafValues></_></weakClassifiers></_>
    <!-- stage 16 -->
    <_>
      <maxWeakCount>10</maxWeakCount>
      <stageThreshold>-5.0029534101486206e-01</stageThreshold>
      <weakClassifiers>
        <_>
          <internalNodes>
            0 -1 105 4.9935914576053619e-02</internalNodes>
          <leafValues>
            -7.3076921701431274e-01 2.5675675272941589e-01</leafValues></_>
        <_>
          <internalNodes>
            0 -1 12 -5.7589955627918243e-02</internalNodes>
          <leafValues>
            5.4029440879821777e-01 -3.8713321089744568e-01</leafValues></_>
        <_>
          <internalNodes>
            0 -1 113 -4.5018107630312443e-03</internalNodes>
          <leafValues>
            3.6893340945243835e-01 -5.5586969852447510e-01</leafValues></_>
        <_>
          <internalNodes>
            0 -1 59 1.0048641124740243e-03</internalNodes>
          <leafValues>
            -2.7725291252136230e-01 6.8786442279815674e-01</leafValues></_>
        <_>
          <internalNodes>
            0 -1 79 3.6341144004836679e-04</internalNodes>
          <leafValues>
            -2.7706080675125122e-01 5.8391779661178589e-01</leafValues></_>
        <_>
          <internalNodes>
            0 -1 36 -2.4153970298357308e-04</internalNodes>
          <leafValues>
            5.8761733770370483e-01 -3.1302726268768311e-01</leafValues></_>
        <_>
          <internalNodes>
            0 -1 101 -5.2904900163412094e-02</internalNodes>
          <leafValues>
            5.2067816257476807e-01 -3.5043209791183472e-01</leafValues></_>
        <_>
          <internalNodes>
            0 -1 71 -7.7249839901924133e-02</internalNodes>
          <leafValues>
            -4.5248672366142273e-01 4.7390845417976379e-01</leafValues></_>
        <_>
          <internalNodes>
            0 -1 49 9.7969481430482119e-05</internalNodes>
          <leafValues>
            -5.3250998258590698e-01 4.4357207417488098e-01</leafValues></_>
        <_>
          <internalNodes>
            0 -1 75 -1.7137872055172920e-03</internalNodes>
          <leafValues>
            7.3356962203979492e-01 -2.6335796713829041e-01</leafValues></_></weakClassifiers></_>
    <!-- stage 17 -->
    <_>
      <maxWeakCount>7</maxWeakCount>
      <stageThreshold>-6.5365564823150635e-01</stageThreshold>
      <weakClassifiers>
        <_>
          <internalNodes>
            0 -1 35 1.2320976704359055e-02</internalNodes>
          <leafValues>
            -3.7931033968925476e-01 5.2380955219268799e-01</leafValues></_>
        <_>
          <internalNodes>
            0 -1 68 4.1810567490756512e-03</internalNodes>
          <leafValues>
            -2.3998713493347168e-01 6.8893390893936157e-01</leafValues></_>
        <_>
          <internalNodes>
            0 -1 102 -3.7308968603610992e-04</internalNodes>
          <leafValues>
            6.5070044994354248e-01 -2.6369553804397583e-01</leafValues></_>
        <_>
          <internalNodes>
            0 -1 16 -1.0258903726935387e-02</internalNodes>
          <leafValues>
            3.8398826122283936e-01 -5.1118183135986328e-01</leafValues></_>
        <_>
          <internalNodes>
            0 -1 89 2.0475937053561211e-03</internalNodes>
          <leafValues>
            -3.1447792053222656e-01 6.2250345945358276e-01</leafValues></_>
        <_>
          <internalNodes>
            0 -1 109 -1.2162914499640465e-02</internalNodes>
          <leafValues>
            8.4317374229431152e-01 -1.9922950863838196e-01</leafValues></_>
        <_>
          <internalNodes>
            0 -1 42 -6.5595395863056183e-03</internalNodes>
          <leafValues>
            -5.8587455749511719e-01 4.0961188077926636e-01</leafValues></_></weakClassifiers></_>
    <!-- stage 18 -->
    <_>
      <maxWeakCount>6</maxWeakCount>
      <stageThreshold>-5.8846366405487061e-01</stageThreshold>
      <weakClassifiers>
        <_>
          <internalNodes>
            0 -1 66 -6.4681150019168854e-02</internalNodes>
          <leafValues>
            -7.5862067937850952e-01 3.0985915660858154e-01</leafValues></_>
        <_>
          <internalNodes>
            0 -1 39 -2.3064345121383667e-02</internalNodes>
          <leafValues>
            -3.3474281430244446e-01 4.8310095071792603e-01</leafValues></_>
        <_>
          <internalNodes>
            0 -1 26 -3.2948595471680164e-03</internalNodes>
          <leafValues>
            1.9207945466041565e-01 -8.9216250181198120e-01</leafValues></_>
        <_>
          <internalNodes>
            0 -1 30 7.6573726255446672e-04</internalNodes>
          <leafValues>
            -3.5314592719078064e-01 5.0151789188385010e-01</leafValues></_>
        <_>
          <internalNodes>
            0 -1 9 2.6094717904925346e-03</internalNodes>
          <leafValues>
            1.6098572313785553e-01 -9.0651684999465942e-01</leafValues></_>
        <_>
          <internalNodes>
            0 -1 86 -9.4613991677761078e-04</internalNodes>
          <leafValues>
            5.0498062372207642e-01 -3.7043938040733337e-01</leafValues></_></weakClassifiers></_>
    <!-- stage 19 -->
    <_>
      <maxWeakCount>8</maxWeakCount>
      <stageThreshold>-4.5425668358802795e-01</stageThreshold>
      <weakClassifiers>
        <_>
          <internalNodes>
            0 -1 45 3.6202427744865417e-01</internalNodes>
          <leafValues>
            -3.1386861205101013e-01 6.8253970146179199e-01</leafValues></_>
        <_>
          <internalNodes>
            0 -1 28 -1.2028401717543602e-02</internalNodes>
          <leafValues>
            -6.2697917222976685e-01 2.7153533697128296e-01</leafValues></_>
        <_>
          <internalNodes>
            0 -1 13 2.4431794881820679e-03</internalNodes>
          <leafValues>
            -3.0669584870338440e-01 6.5551584959030151e-01</leafValues></_>
        <_>
          <internalNodes>
            0 -1 72 2.9568542959168553e-04</internalNodes>
          <leafValues>
            -2.7149322628974915e-01 6.4773416519165039e-01</leafValues></_>
        <_>
          <internalNodes>
            0 -1 56 1.6292757354676723e-03</internalNodes>
          <leafValues>
            3.7937915325164795e-01 -5.5971592664718628e-01</leafValues></_>
        <_>
          <internalNodes>
            0 -1 31 2.5813537649810314e-03</internalNodes>
          <leafValues>
            -3.7925416231155396e-01 5.9103322029113770e-01</leafValues></_>
        <_>
          <internalNodes>
            0 -1 29 -5.1613878458738327e-02</internalNodes>
          <leafValues>
            6.4070147275924683e-01 -3.1788390874862671e-01</leafValues></_>
        <_>
          <internalNodes>
            0 -1 82 -4.7114202752709389e-03</internalNodes>
          <leafValues>
            5.1546651124954224e-01 -4.3520277738571167e-01</leafValues></_></weakClassifiers></_></stages>
  <features>
    <_>
      <rects>
        <_>
          0 0 4 21 -1.</_>
        <_>
          2 0 2 21 2.</_></rects>
      <tilted>0</tilted></_>
    <_>
      <rects>
        <_>
          0 0 4 22 -1.</_>
        <_>
          2 0 2 22 2.</_></rects>
      <tilted>0</tilted></_>
    <_>
      <rects>
        <_>
          0 0 6 22 -1.</_>
        <_>
          3 0 3 22 2.</_></rects>
      <tilted>0</tilted></_>
    <_>
      <rects>
        <_>
          0 0 4 14 -1.</_>
        <_>
          0 7 4 7 2.</_></rects>
      <tilted>0</tilted></_>
    <_>
      <rects>
        <_>
          0 0 8 8 -1.</_>
        <_>
          4 0 4 8 2.</_></rects>
      <tilted>0</tilted></_>
    <_>
      <rects>
        <_>
          0 0 24 3 -1.</_>
        <_>
          8 0 8 3 2.</_></rects>
      <tilted>0</tilted></_>
    <_>
      <rects>
        <_>
          0 0 22 2 -1.</_>
        <_>
          0 1 22 1 2.</_></rects>
      <tilted>0</tilted></_>
    <_>
      <rects>
        <_>
          0 0 22 14 -1.</_>
        <_>
          0 7 22 7 2.</_></rects>
      <tilted>0</tilted></_>
    <_>
      <rects>
        <_>
          0 0 24 6 -1.</_>
        <_>
          0 3 24 3 2.</_></rects>
      <tilted>0</tilted></_>
    <_>
      <rects>
        <_>
          0 1 2 19 -1.</_>
        <_>
          1 1 1 19 2.</_></rects>
      <tilted>0</tilted></_>
    <_>
      <rects>
        <_>
          0 1 4 12 -1.</_>
        <_>
          2 1 2 12 2.</_></rects>
      <tilted>0</tilted></_>
    <_>
      <rects>
        <_>
          0 1 24 10 -1.</_>
        <_>
          8 1 8 10 2.</_></rects>
      <tilted>0</tilted></_>
    <_>
      <rects>
        <_>
          0 4 6 15 -1.</_>
        <_>
          3 4 3 15 2.</_></rects>
      <tilted>0</tilted></_>
    <_>
      <rects>
        <_>
          0 8 2 8 -1.</_>
        <_>
          0 8 1 4 2.</_>
        <_>
          1 12 1 4 2.</_></rects>
      <tilted>0</tilted></_>
    <_>
      <rects>
        <_>
          0 14 24 10 -1.</_>
        <_>
          0 19 24 5 2.</_></rects>
      <tilted>0</tilted></_>
    <_>
      <rects>
        <_>
          0 20 8 1 -1.</_>
        <_>
          4 20 4 1 2.</_></rects>
      <tilted>0</tilted></_>
    <_>
      <rects>
        <_>
          1 1 6 4 -1.</_>
        <_>
          1 3 6 2 2.</_></rects>
      <tilted>0</tilted></_>
    <_>
      <rects>
        <_>
          1 16 23 8 -1.</_>
        <_>
          1 20 23 4 2.</_></rects>
      <tilted>0</tilted></_>
    <_>
      <rects>
        <_>
          1 18 2 4 -1.</_>
        <_>
          1 18 1 2 2.</_>
        <_>
          2 20 1 2 2.</_></rects>
      <tilted>0</tilted></_>
    <_>
      <rects>
        <_>
          2 0 2 10 -1.</_>
        <_>
          2 5 2 5 2.</_></rects>
      <tilted>0</tilted></_>
    <_>
      <rects>
        <_>
          2 0 22 14 -1.</_>
        <_>
          2 0 11 7 2.</_>
        <_>
          13 7 11 7 2.</_></rects>
      <tilted>0</tilted></_>
    <_>
      <rects>
        <_>
          2 0 22 6 -1.</_>
        <_>
          2 3 22 3 2.</_></rects>
      <tilted>0</tilted></_>
    <_>
      <rects>
        <_>
          2 1 4 4 -1.</_>
        <_>
          2 3 4 2 2.</_></rects>
      <tilted>0</tilted></_>
    <_>
      <rects>
        <_>
          2 4 18 16 -1.</_>
        <_>
          8 4 6 16 2.</_></rects>
      <tilted>0</tilted></_>
    <_>
      <rects>
        <_>
          2 12 10 6 -1.</_>
        <_>
          2 12 5 3 2.</_>
        <_>
          7 15 5 3 2.</_></rects>
      <tilted>0</tilted></_>
    <_>
      <rects>
        <_>
          2 19 2 4 -1.</_>
        <_>
          2 21 2 2 2.</_></rects>
      <tilted>0</tilted></_>
    <_>
      <rects>
        <_>
          2 20 2 3 -1.</_>
        <_>
          2 21 2 1 2.</_></rects>
      <tilted>0</tilted></_>
    <_>
      <rects>
        <_>
          2 20 17 4 -1.</_>
        <_>
          2 22 17 2 2.</_></rects>
      <tilted>0</tilted></_>
    <_>
      <rects>
        <_>
          3 1 8 16 -1.</_>
        <_>
          3 1 4 8 2.</_>
        <_>
          7 9 4 8 2.</_></rects>
      <tilted>0</tilted></_>
    <_>
      <rects>
        <_>
          3 1 5 20 -1.</_>
        <_>
          3 11 5 10 2.</_></rects>
      <tilted>0</tilted></_>
    <_>
      <rects>
        <_>
          3 2 2 6 -1.</_>
        <_>
          3 2 1 3 2.</_>
        <_>
          4 5 1 3 2.</_></rects>
      <tilted>0</tilted></_>
    <_>
      <rects>
        <_>
          3 3 8 4 -1.</_>
        <_>
          7 3 4 4 2.</_></rects>
      <tilted>0</tilted></_>
    <_>
      <rects>
        <_>
          3 4 9 10 -1.</_>
        <_>
          6 4 3 10 2.</_></rects>
      <tilted>0</tilted></_>
    <_>
      <rects>
        <_>
          3 5 2 10 -1.</_>
        <_>
          3 5 1 5 2.</_>
        <_>
          4 10 1 5 2.</_></rects>
      <tilted>0</tilted></_>
    <_>
      <rects>
        <_>
          3 5 16 6 -1.</_>
        <_>
          3 7 16 2 2.</_></rects>
      <tilted>0</tilted></_>
    <_>
      <rects>
        <_>
          3 9 18 4 -1.</_>
        <_>
          12 9 9 4 2.</_></rects>
      <tilted>0</tilted></_>
    <_>
      <rects>
        <_>
          3 15 2 2 -1.</_>
        <_>
          3 15 1 1 2.</_>
        <_>
          4 16 1 1 2.</_></rects>
      <tilted>0</tilted></_>
    <_>
      <rects>
        <_>
          3 18 2 2 -1.</_>
        <_>
          3 18 1 1 2.</_>
        <_>
          4 19 1 1 2.</_></rects>
      <tilted>0</tilted></_>
    <_>
      <rects>
        <_>
          4 6 14 6 -1.</_>
        <_>
          4 8 14 2 2.</_></rects>
      <tilted>0</tilted></_>
    <_>
      <rects>
        <_>
          4 9 3 11 -1.</_>
        <_>
          5 9 1 11 2.</_></rects>
      <tilted>0</tilted></_>
    <_>
      <rects>
        <_>
          4 18 2 6 -1.</_>
        <_>
          4 21 2 3 2.</_></rects>
      <tilted>0</tilted></_>
    <_>
      <rects>
        <_>
          4 18 20 6 -1.</_>
        <_>
          4 21 20 3 2.</_></rects>
      <tilted>0</tilted></_>
    <_>
      <rects>
        <_>
          5 0 8 2 -1.</_>
        <_>
          5 1 8 1 2.</_></rects>
      <tilted>0</tilted></_>
    <_>
      <rects>
        <_>
          5 5 7 12 -1.</_>
        <_>
          5 9 7 4 2.</_></rects>
      <tilted>0</tilted></_>
    <_>
      <rects>
        <_>
          6 0 18 18 -1.</_>
        <_>
          6 6 18 6 2.</_></rects>
      <tilted>0</tilted></_>
    <_>
      <rects>
        <_>
          6 1 18 22 -1.</_>
        <_>
          15 1 9 22 2.</_></rects>
      <tilted>0</tilted></_>
    <_>
      <rects>
        <_>
          6 2 15 19 -1.</_>
        <_>
          11 2 5 19 2.</_></rects>
      <tilted>0</tilted></_>
    <_>
      <rects>
        <_>
          6 3 4 10 -1.</_>
        <_>
          6 3 2 5 2.</_>
        <_>
          8 8 2 5 2.</_></rects>
      <tilted>0</tilted></_>
    <_>
      <rects>
        <_>
          6 10 2 2 -1.</_>
        <_>
          6 10 1 1 2.</_>
        <_>
          7 11 1 1 2.</_></rects>
      <tilted>0</tilted></_>
    <_>
      <rects>
        <_>
          7 7 4 1 -1.</_>
        <_>
          9 7 2 1 2.</_></rects>
      <tilted>0</tilted></_>
    <_>
      <rects>
        <_>
          7 8 3 2 -1.</_>
        <_>
          8 8 1 2 2.</_></rects>
      <tilted>0</tilted></_>
    <_>
      <rects>
        <_>
          7 11 5 3 -1.</_>
        <_>
          7 12 5 1 2.</_></rects>
      <tilted>0</tilted></_>
    <_>
      <rects>
        <_>
          8 3 12 3 -1.</_>
        <_>
          12 3 4 3 2.</_></rects>
      <tilted>0</tilted></_>
    <_>
      <rects>
        <_>
          8 6 4 8 -1.</_>
        <_>
          8 10 4 4 2.</_></rects>
      <tilted>0</tilted></_>
    <_>
      <rects>
        <_>
          8 12 10 3 -1.</_>
        <_>
          8 13 10 1 2.</_></rects>
      <tilted>0</tilted></_>
    <_>
      <rects>
        <_>
          8 15 8 6 -1.</_>
        <_>
          8 15 4 3 2.</_>
        <_>
          12 18 4 3 2.</_></rects>
      <tilted>0</tilted></_>
    <_>
      <rects>
        <_>
          9 0 10 12 -1.</_>
        <_>
          9 0 5 6 2.</_>
        <_>
          14 6 5 6 2.</_></rects>
      <tilted>0</tilted></_>
    <_>
      <rects>
        <_>
          9 5 8 6 -1.</_>
        <_>
          9 8 8 3 2.</_></rects>
      <tilted>0</tilted></_>
    <_>
      <rects>
        <_>
          9 6 9 12 -1.</_>
        <_>
          12 6 3 12 2.</_></rects>
      <tilted>0</tilted></_>
    <_>
      <rects>
        <_>
          9 11 4 2 -1.</_>
        <_>
          9 11 2 1 2.</_>
        <_>
          11 12 2 1 2.</_></rects>
      <tilted>0</tilted></_>
    <_>
      <rects>
        <_>
          9 14 2 3 -1.</_>
        <_>
          10 14 1 3 2.</_></rects>
      <tilted>0</tilted></_>
    <_>
      <rects>
        <_>
          9 16 4 2 -1.</_>
        <_>
          11 16 2 2 2.</_></rects>
      <tilted>0</tilted></_>
    <_>
      <rects>
        <_>
          10 0 14 6 -1.</_>
        <_>
          10 3 14 3 2.</_></rects>
      <tilted>0</tilted></_>
    <_>
      <rects>
        <_>
          10 0 14 24 -1.</_>
        <_>
          10 8 14 8 2.</_></rects>
      <tilted>0</tilted></_>
    <_>
      <rects>
        <_>
          10 2 3 15 -1.</_>
        <_>
          10 7 3 5 2.</_></rects>
      <tilted>0</tilted></_>
    <_>
      <rects>
        <_>
          10 10 2 2 -1.</_>
        <_>
          10 11 2 1 2.</_></rects>
      <tilted>0</tilted></_>
    <_>
      <rects>
        <_>
          10 10 9 6 -1.</_>
        <_>
          13 10 3 6 2.</_></rects>
      <tilted>0</tilted></_>
    <_>
      <rects>
        <_>
          10 12 4 6 -1.</_>
        <_>
          10 12 2 3 2.</_>
        <_>
          12 15 2 3 2.</_></rects>
      <tilted>0</tilted></_>
    <_>
      <rects>
        <_>
          10 18 4 6 -1.</_>
        <_>
          10 18 2 3 2.</_>
        <_>
          12 21 2 3 2.</_></rects>
      <tilted>0</tilted></_>
    <_>
      <rects>
        <_>
          11 0 3 18 -1.</_>
        <_>
          11 6 3 6 2.</_></rects>
      <tilted>0</tilted></_>
    <_>
      <rects>
        <_>
          11 0 5 18 -1.</_>
        <_>
          11 6 5 6 2.</_></rects>
      <tilted>0</tilted></_>
    <_>
      <rects>
        <_>
          11 8 9 9 -1.</_>
        <_>
          11 11 9 3 2.</_></rects>
      <tilted>0</tilted></_>
    <_>
      <rects>
        <_>
          11 10 1 2 -1.</_>
        <_>
          11 11 1 1 2.</_></rects>
      <tilted>0</tilted></_>
    <_>
      <rects>
        <_>
          11 10 4 2 -1.</_>
        <_>
          11 10 2 1 2.</_>
        <_>
          13 11 2 1 2.</_></rects>
      <tilted>0</tilted></_>
    <_>
      <rects>
        <_>
          11 14 6 2 -1.</_>
        <_>
          11 14 3 1 2.</_>
        <_>
          14 15 3 1 2.</_></rects>
      <tilted>0</tilted></_>
    <_>
      <rects>
        <_>
          11 17 4 4 -1.</_>
        <_>
          13 17 2 4 2.</_></rects>
      <tilted>0</tilted></_>
    <_>
      <rects>
        <_>
          12 0 2 9 -1.</_>
        <_>
          12 3 2 3 2.</_></rects>
      <tilted>0</tilted></_>
    <_>
      <rects>
        <_>
          12 0 12 2 -1.</_>
        <_>
          18 0 6 2 2.</_></rects>
      <tilted>0</tilted></_>
    <_>
      <rects>
        <_>
          12 2 8 2 -1.</_>
        <_>
          12 3 8 1 2.</_></rects>
      <tilted>0</tilted></_>
    <_>
      <rects>
        <_>
          12 9 5 2 -1.</_>
        <_>
          12 10 5 1 2.</_></rects>
      <tilted>0</tilted></_>
    <_>
      <rects>
        <_>
          12 12 2 4 -1.</_>
        <_>
          12 12 1 2 2.</_>
        <_>
          13 14 1 2 2.</_></rects>
      <tilted>0</tilted></_>
    <_>
      <rects>
        <_>
          12 20 2 3 -1.</_>
        <_>
          13 20 1 3 2.</_></rects>
      <tilted>0</tilted></_>
    <_>
      <rects>
        <_>
          13 0 1 6 -1.</_>
        <_>
          13 3 1 3 2.</_></rects>
      <tilted>0</tilted></_>
    <_>
      <rects>
        <_>
          13 4 2 8 -1.</_>
        <_>
          13 4 1 4 2.</_>
        <_>
          14 8 1 4 2.</_></rects>
      <tilted>0</tilted></_>
    <_>
      <rects>
        <_>
          13 5 2 2 -1.</_>
        <_>
          13 5 1 1 2.</_>
        <_>
          14 6 1 1 2.</_></rects>
      <tilted>0</tilted></_>
    <_>
      <rects>
        <_>
          13 7 2 2 -1.</_>
        <_>
          13 7 1 1 2.</_>
        <_>
          14 8 1 1 2.</_></rects>
      <tilted>0</tilted></_>
    <_>
      <rects>
        <_>
          13 9 1 4 -1.</_>
        <_>
          13 11 1 2 2.</_></rects>
      <tilted>0</tilted></_>
    <_>
      <rects>
        <_>
          13 14 2 2 -1.</_>
        <_>
          13 14 1 1 2.</_>
        <_>
          14 15 1 1 2.</_></rects>
      <tilted>0</tilted></_>
    <_>
      <rects>
        <_>
          13 18 6 2 -1.</_>
        <_>
          13 19 6 1 2.</_></rects>
      <tilted>0</tilted></_>
    <_>
      <rects>
        <_>
          13 20 4 4 -1.</_>
        <_>
          13 20 2 2 2.</_>
        <_>
          15 22 2 2 2.</_></rects>
      <tilted>0</tilted></_>
    <_>
      <rects>
        <_>
          14 0 10 24 -1.</_>
        <_>
          19 0 5 24 2.</_></rects>
      <tilted>0</tilted></_>
    <_>
      <rects>
        <_>
          14 9 2 14 -1.</_>
        <_>
          14 9 1 7 2.</_>
        <_>
          15 16 1 7 2.</_></rects>
      <tilted>0</tilted></_>
    <_>
      <rects>
        <_>
          14 14 2 4 -1.</_>
        <_>
          14 14 1 2 2.</_>
        <_>
          15 16 1 2 2.</_></rects>
      <tilted>0</tilted></_>
    <_>
      <rects>
        <_>
          15 0 4 8 -1.</_>
        <_>
          15 4 4 4 2.</_></rects>
      <tilted>0</tilted></_>
    <_>
      <rects>
        <_>
          15 13 1 2 -1.</_>
        <_>
          15 14 1 1 2.</_></rects>
      <tilted>0</tilted></_>
    <_>
      <rects>
        <_>
          16 0 6 22 -1.</_>
        <_>
          19 0 3 22 2.</_></rects>
      <tilted>0</tilted></_>
    <_>
      <rects>
        <_>
          16 0 7 14 -1.</_>
        <_>
          16 7 7 7 2.</_></rects>
      <tilted>0</tilted></_>
    <_>
      <rects>
        <_>
          16 1 8 19 -1.</_>
        <_>
          20 1 4 19 2.</_></rects>
      <tilted>0</tilted></_>
    <_>
      <rects>
        <_>
          16 9 2 8 -1.</_>
        <_>
          16 9 1 4 2.</_>
        <_>
          17 13 1 4 2.</_></rects>
      <tilted>0</tilted></_>
    <_>
      <rects>
        <_>
          16 13 2 4 -1.</_>
        <_>
          16 13 1 2 2.</_>
        <_>
          17 15 1 2 2.</_></rects>
      <tilted>0</tilted></_>
    <_>
      <rects>
        <_>
          16 16 2 2 -1.</_>
        <_>
          16 16 1 1 2.</_>
        <_>
          17 17 1 1 2.</_></rects>
      <tilted>0</tilted></_>
    <_>
      <rects>
        <_>
          17 0 6 4 -1.</_>
        <_>
          19 0 2 4 2.</_></rects>
      <tilted>0</tilted></_>
    <_>
      <rects>
        <_>
          17 9 2 2 -1.</_>
        <_>
          17 9 1 1 2.</_>
        <_>
          18 10 1 1 2.</_></rects>
      <tilted>0</tilted></_>
    <_>
      <rects>
        <_>
          17 16 6 8 -1.</_>
        <_>
          17 16 3 4 2.</_>
        <_>
          20 20 3 4 2.</_></rects>
      <tilted>0</tilted></_>
    <_>
      <rects>
        <_>
          18 2 6 17 -1.</_>
        <_>
          21 2 3 17 2.</_></rects>
      <tilted>0</tilted></_>
    <_>
      <rects>
        <_>
          18 2 6 18 -1.</_>
        <_>
          21 2 3 18 2.</_></rects>
      <tilted>0</tilted></_>
    <_>
      <rects>
        <_>
          18 4 6 16 -1.</_>
        <_>
          18 12 6 8 2.</_></rects>
      <tilted>0</tilted></_>
    <_>
      <rects>
        <_>
          18 9 6 4 -1.</_>
        <_>
          21 9 3 4 2.</_></rects>
      <tilted>0</tilted></_>
    <_>
      <rects>
        <_>
          18 11 4 2 -1.</_>
        <_>
          18 11 2 1 2.</_>
        <_>
          20 12 2 1 2.</_></rects>
      <tilted>0</tilted></_>
    <_>
      <rects>
        <_>
          19 0 1 6 -1.</_>
        <_>
          19 3 1 3 2.</_></rects>
      <tilted>0</tilted></_>
    <_>
      <rects>
        <_>
          19 18 2 6 -1.</_>
        <_>
          19 20 2 2 2.</_></rects>
      <tilted>0</tilted></_>
    <_>
      <rects>
        <_>
          20 1 4 22 -1.</_>
        <_>
          22 1 2 22 2.</_></rects>
      <tilted>0</tilted></_>
    <_>
      <rects>
        <_>
          20 4 4 20 -1.</_>
        <_>
          22 4 2 20 2.</_></rects>
      <tilted>0</tilted></_>
    <_>
      <rects>
        <_>
          21 0 1 12 -1.</_>
        <_>
          21 6 1 6 2.</_></rects>
      <tilted>0</tilted></_>
    <_>
      <rects>
        <_>
          22 2 2 1 -1.</_>
        <_>
          23 2 1 1 2.</_></rects>
      <tilted>0</tilted></_>
    <_>
      <rects>
        <_>
          22 2 1 4 -1.</_>
        <_>
          22 4 1 2 2.</_></rects>
      <tilted>0</tilted></_>
    <_>
      <rects>
        <_>
          22 2 2 17 -1.</_>
        <_>
          23 2 1 17 2.</_></rects>
      <tilted>0</tilted></_>
    <_>
      <rects>
        <_>
          22 2 2 20 -1.</_>
        <_>
          23 2 1 20 2.</_></rects>
      <tilted>0</tilted></_>
    <_>
      <rects>
        <_>
          22 22 2 2 -1.</_>
        <_>
          22 22 1 1 2.</_>
        <_>
          23 23 1 1 2.</_></rects>
      <tilted>0</tilted></_></features></cascade>
</opencv_storage>
