<?xml version="1.0"?>
<opencv_storage>
<stage8>
  <maxWeakCount>5</maxWeakCount>
  <stageThreshold>-3.8272321224212646e-01</stageThreshold>
  <weakClassifiers>
    <_>
      <internalNodes>
        0 -1 96717 -3.5060107707977295e-02</internalNodes>
      <leafValues>
        -8.7096774578094482e-01 3.9130434393882751e-01</leafValues></_>
    <_>
      <internalNodes>
        0 -1 126357 1.2074813712388277e-03</internalNodes>
      <leafValues>
        -3.7601459026336670e-01 8.9082127809524536e-01</leafValues></_>
    <_>
      <internalNodes>
        0 -1 154 -1.6210943460464478e-02</internalNodes>
      <leafValues>
        3.8093572854995728e-01 -7.9460710287094116e-01</leafValues></_>
    <_>
      <internalNodes>
        0 -1 127853 -6.0788122937083244e-04</internalNodes>
      <leafValues>
        7.7104103565216064e-01 -3.7290453910827637e-01</leafValues></_>
    <_>
      <internalNodes>
        0 -1 48739 -5.3562020184472203e-04</internalNodes>
      <leafValues>
        9.2272621393203735e-01 -2.8771767020225525e-01</leafValues></_></weakClassifiers></stage8>
</opencv_storage>
