<?xml version="1.0"?>
<opencv_storage>
<stage12>
  <maxWeakCount>6</maxWeakCount>
  <stageThreshold>-1.1689308881759644e+00</stageThreshold>
  <weakClassifiers>
    <_>
      <internalNodes>
        0 -1 92108 -7.0233106613159180e-02</internalNodes>
      <leafValues>
        -9.2592591047286987e-01 3.4246575832366943e-01</leafValues></_>
    <_>
      <internalNodes>
        0 -1 102085 -2.3172693327069283e-03</internalNodes>
      <leafValues>
        3.1786340475082397e-01 -6.1482834815979004e-01</leafValues></_>
    <_>
      <internalNodes>
        0 -1 161375 2.5281589478254318e-03</internalNodes>
      <leafValues>
        -6.5748053789138794e-01 3.4359765052795410e-01</leafValues></_>
    <_>
      <internalNodes>
        0 -1 42283 2.2234814241528511e-03</internalNodes>
      <leafValues>
        -3.5403364896774292e-01 6.7277091741561890e-01</leafValues></_>
    <_>
      <internalNodes>
        0 -1 151546 -1.5370935201644897e-02</internalNodes>
      <leafValues>
        6.8537354469299316e-01 -3.3781415224075317e-01</leafValues></_>
    <_>
      <internalNodes>
        0 -1 137118 -2.8354567475616932e-03</internalNodes>
      <leafValues>
        7.8845995664596558e-01 -3.0756029486656189e-01</leafValues></_></weakClassifiers></stage12>
</opencv_storage>
