<?xml version="1.0"?>
<opencv_storage>
<stage7>
  <maxWeakCount>5</maxWeakCount>
  <stageThreshold>-6.3057440519332886e-01</stageThreshold>
  <weakClassifiers>
    <_>
      <internalNodes>
        0 -1 161378 4.8141861334443092e-03</internalNodes>
      <leafValues>
        -6.6315788030624390e-01 6.0000002384185791e-01</leafValues></_>
    <_>
      <internalNodes>
        0 -1 1230 -1.3083908706903458e-02</internalNodes>
      <leafValues>
        4.2324897646903992e-01 -6.7181867361068726e-01</leafValues></_>
    <_>
      <internalNodes>
        0 -1 112544 1.5171553241088986e-03</internalNodes>
      <leafValues>
        -3.8725465536117554e-01 6.6380810737609863e-01</leafValues></_>
    <_>
      <internalNodes>
        0 -1 154028 1.2883180752396584e-02</internalNodes>
      <leafValues>
        -6.3377815485000610e-01 4.5881778001785278e-01</leafValues></_>
    <_>
      <internalNodes>
        0 -1 144360 -8.6571976542472839e-02</internalNodes>
      <leafValues>
        6.9336384534835815e-01 -4.2069542407989502e-01</leafValues></_></weakClassifiers></stage7>
</opencv_storage>
