<?xml version="1.0"?>
<opencv_storage>
<stage17>
  <maxWeakCount>7</maxWeakCount>
  <stageThreshold>-6.5365564823150635e-01</stageThreshold>
  <weakClassifiers>
    <_>
      <internalNodes>
        0 -1 45354 1.2320976704359055e-02</internalNodes>
      <leafValues>
        -3.7931033968925476e-01 5.2380955219268799e-01</leafValues></_>
    <_>
      <internalNodes>
        0 -1 113955 4.1810567490756512e-03</internalNodes>
      <leafValues>
        -2.3998713493347168e-01 6.8893390893936157e-01</leafValues></_>
    <_>
      <internalNodes>
        0 -1 150483 -3.7308968603610992e-04</internalNodes>
      <leafValues>
        6.5070044994354248e-01 -2.6369553804397583e-01</leafValues></_>
    <_>
      <internalNodes>
        0 -1 14797 -1.0258903726935387e-02</internalNodes>
      <leafValues>
        3.8398826122283936e-01 -5.1118183135986328e-01</leafValues></_>
    <_>
      <internalNodes>
        0 -1 133611 2.0475937053561211e-03</internalNodes>
      <leafValues>
        -3.1447792053222656e-01 6.2250345945358276e-01</leafValues></_>
    <_>
      <internalNodes>
        0 -1 155243 -1.2162914499640465e-02</internalNodes>
      <leafValues>
        8.4317374229431152e-01 -1.9922950863838196e-01</leafValues></_>
    <_>
      <internalNodes>
        0 -1 60973 -6.5595395863056183e-03</internalNodes>
      <leafValues>
        -5.8587455749511719e-01 4.0961188077926636e-01</leafValues></_></weakClassifiers></stage17>
</opencv_storage>
