<?xml version="1.0"?>
<opencv_storage>
<stage13>
  <maxWeakCount>7</maxWeakCount>
  <stageThreshold>-1.0240688323974609e+00</stageThreshold>
  <weakClassifiers>
    <_>
      <internalNodes>
        0 -1 25905 -1.6898067668080330e-02</internalNodes>
      <leafValues>
        4.0740740299224854e-01 -4.7826087474822998e-01</leafValues></_>
    <_>
      <internalNodes>
        0 -1 97496 -5.9671411290764809e-03</internalNodes>
      <leafValues>
        6.5775960683822632e-01 -3.1706950068473816e-01</leafValues></_>
    <_>
      <internalNodes>
        0 -1 41659 -1.0422360897064209e-01</internalNodes>
      <leafValues>
        -5.4374808073043823e-01 3.9041617512702942e-01</leafValues></_>
    <_>
      <internalNodes>
        0 -1 13039 -4.6648355200886726e-03</internalNodes>
      <leafValues>
        6.3704401254653931e-01 -3.7113228440284729e-01</leafValues></_>
    <_>
      <internalNodes>
        0 -1 132755 -3.2146219746209681e-04</internalNodes>
      <leafValues>
        6.9125086069107056e-01 -3.1115245819091797e-01</leafValues></_>
    <_>
      <internalNodes>
        0 -1 37467 4.8811389133334160e-03</internalNodes>
      <leafValues>
        -2.6146611571311951e-01 7.5732147693634033e-01</leafValues></_>
    <_>
      <internalNodes>
        0 -1 161330 -7.0169407990761101e-05</internalNodes>
      <leafValues>
        -7.3652815818786621e-01 2.8393134474754333e-01</leafValues></_></weakClassifiers></stage13>
</opencv_storage>
