<?xml version="1.0"?>
<opencv_storage>
<stage1>
  <maxWeakCount>4</maxWeakCount>
  <stageThreshold>-1.5160198211669922e+00</stageThreshold>
  <weakClassifiers>
    <_>
      <internalNodes>
        0 -1 144637 7.8138276934623718e-02</internalNodes>
      <leafValues>
        -8.5567009449005127e-01 8.0582523345947266e-01</leafValues></_>
    <_>
      <internalNodes>
        0 -1 54826 -9.1089144349098206e-02</internalNodes>
      <leafValues>
        -7.2148358821868896e-01 8.2568001747131348e-01</leafValues></_>
    <_>
      <internalNodes>
        0 -1 11483 2.8381653130054474e-02</internalNodes>
      <leafValues>
        -6.0673749446868896e-01 6.0059142112731934e-01</leafValues></_>
    <_>
      <internalNodes>
        0 -1 572 -1.7822366952896118e-01</internalNodes>
      <leafValues>
        6.6787135601043701e-01 -6.2937134504318237e-01</leafValues></_></weakClassifiers></stage1>
</opencv_storage>
