<?xml version="1.0"?>
<opencv_storage>
<stage2>
  <maxWeakCount>4</maxWeakCount>
  <stageThreshold>-7.1571779251098633e-01</stageThreshold>
  <weakClassifiers>
    <_>
      <internalNodes>
        0 -1 134107 1.3338185846805573e-01</internalNodes>
      <leafValues>
        -7.6470589637756348e-01 7.9591834545135498e-01</leafValues></_>
    <_>
      <internalNodes>
        0 -1 87320 -1.9577383995056152e-02</internalNodes>
      <leafValues>
        -8.8821291923522949e-01 5.1468867063522339e-01</leafValues></_>
    <_>
      <internalNodes>
        0 -1 121724 1.8866176251322031e-03</internalNodes>
      <leafValues>
        -8.7273955345153809e-01 4.4174721837043762e-01</leafValues></_>
    <_>
      <internalNodes>
        0 -1 122820 -7.6205446384847164e-04</internalNodes>
      <leafValues>
        4.9545380473136902e-01 -8.4194713830947876e-01</leafValues></_></weakClassifiers></stage2>
</opencv_storage>
