<?xml version="1.0"?>
<opencv_storage>
<stage6>
  <maxWeakCount>5</maxWeakCount>
  <stageThreshold>-1.1368944644927979e+00</stageThreshold>
  <weakClassifiers>
    <_>
      <internalNodes>
        0 -1 144249 3.5927582532167435e-02</internalNodes>
      <leafValues>
        -7.5675678253173828e-01 4.4444444775581360e-01</leafValues></_>
    <_>
      <internalNodes>
        0 -1 114600 -9.4191737473011017e-02</internalNodes>
      <leafValues>
        -8.6699426174163818e-01 3.3204111456871033e-01</leafValues></_>
    <_>
      <internalNodes>
        0 -1 71535 -3.9061444997787476e-01</internalNodes>
      <leafValues>
        2.6834633946418762e-01 -9.7087103128433228e-01</leafValues></_>
    <_>
      <internalNodes>
        0 -1 275 -2.5216005742549896e-02</internalNodes>
      <leafValues>
        4.4614267349243164e-01 -6.3405573368072510e-01</leafValues></_>
    <_>
      <internalNodes>
        0 -1 105912 -1.9781505689024925e-03</internalNodes>
      <leafValues>
        8.5256594419479370e-01 -3.7280708551406860e-01</leafValues></_></weakClassifiers></stage6>
</opencv_storage>
