<?xml version="1.0"?>
<opencv_storage>
<stage3>
  <maxWeakCount>5</maxWeakCount>
  <stageThreshold>-1.1899819374084473e+00</stageThreshold>
  <weakClassifiers>
    <_>
      <internalNodes>
        0 -1 152 -2.2782668471336365e-02</internalNodes>
      <leafValues>
        7.3469388484954834e-01 -7.0588237047195435e-01</leafValues></_>
    <_>
      <internalNodes>
        0 -1 157901 2.6223354041576385e-02</internalNodes>
      <leafValues>
        -7.0469576120376587e-01 6.4059829711914063e-01</leafValues></_>
    <_>
      <internalNodes>
        0 -1 24730 2.7072226628661156e-02</internalNodes>
      <leafValues>
        -7.2341424226760864e-01 5.7093608379364014e-01</leafValues></_>
    <_>
      <internalNodes>
        0 -1 1056 -1.1162984371185303e-01</internalNodes>
      <leafValues>
        4.0586286783218384e-01 -8.2875925302505493e-01</leafValues></_>
    <_>
      <internalNodes>
        0 -1 105375 -1.5291373711079359e-04</internalNodes>
      <leafValues>
        5.3814756870269775e-01 -6.0438787937164307e-01</leafValues></_></weakClassifiers></stage3>
</opencv_storage>
