<?xml version="1.0"?>
<opencv_storage>
<stage14>
  <maxWeakCount>7</maxWeakCount>
  <stageThreshold>-1.0452934503555298e+00</stageThreshold>
  <weakClassifiers>
    <_>
      <internalNodes>
        0 -1 139489 -1.4630943536758423e-02</internalNodes>
      <leafValues>
        3.7190082669258118e-01 -5.6962025165557861e-01</leafValues></_>
    <_>
      <internalNodes>
        0 -1 154289 -4.9291760660707951e-04</internalNodes>
      <leafValues>
        4.9546897411346436e-01 -3.7109452486038208e-01</leafValues></_>
    <_>
      <internalNodes>
        0 -1 133477 1.9617006182670593e-03</internalNodes>
      <leafValues>
        -3.4810784459114075e-01 5.7300031185150146e-01</leafValues></_>
    <_>
      <internalNodes>
        0 -1 111855 -7.7034602873027325e-04</internalNodes>
      <leafValues>
        7.3837894201278687e-01 -2.8724619746208191e-01</leafValues></_>
    <_>
      <internalNodes>
        0 -1 93865 6.3719833269715309e-03</internalNodes>
      <leafValues>
        3.3821329474449158e-01 -7.3322594165802002e-01</leafValues></_>
    <_>
      <internalNodes>
        0 -1 161335 -1.8593573477119207e-03</internalNodes>
      <leafValues>
        6.7938506603240967e-01 -4.3501582741737366e-01</leafValues></_>
    <_>
      <internalNodes>
        0 -1 130889 -9.6187119197566062e-05</internalNodes>
      <leafValues>
        6.2757790088653564e-01 -4.1234058141708374e-01</leafValues></_></weakClassifiers></stage14>
</opencv_storage>
