<?xml version="1.0"?>
<opencv_storage>
<stage5>
  <maxWeakCount>5</maxWeakCount>
  <stageThreshold>-9.7833961248397827e-01</stageThreshold>
  <weakClassifiers>
    <_>
      <internalNodes>
        0 -1 26792 -5.3945176303386688e-02</internalNodes>
      <leafValues>
        5.0000000000000000e-01 -7.5000000000000000e-01</leafValues></_>
    <_>
      <internalNodes>
        0 -1 59761 3.1768609769642353e-03</internalNodes>
      <leafValues>
        -6.1830276250839233e-01 5.6058633327484131e-01</leafValues></_>
    <_>
      <internalNodes>
        0 -1 107423 -5.2880549430847168e-01</internalNodes>
      <leafValues>
        3.4258908033370972e-01 -8.6750668287277222e-01</leafValues></_>
    <_>
      <internalNodes>
        0 -1 108179 -5.9316243976354599e-02</internalNodes>
      <leafValues>
        -7.2236871719360352e-01 4.1267615556716919e-01</leafValues></_>
    <_>
      <internalNodes>
        0 -1 119023 -4.9426686018705368e-04</internalNodes>
      <leafValues>
        7.6974278688430786e-01 -4.4558781385421753e-01</leafValues></_></weakClassifiers></stage5>
</opencv_storage>
