<?xml version="1.0"?>
<opencv_storage>
<stage18>
  <maxWeakCount>6</maxWeakCount>
  <stageThreshold>-5.8846366405487061e-01</stageThreshold>
  <weakClassifiers>
    <_>
      <internalNodes>
        0 -1 111926 -6.4681150019168854e-02</internalNodes>
      <leafValues>
        -7.5862067937850952e-01 3.0985915660858154e-01</leafValues></_>
    <_>
      <internalNodes>
        0 -1 56176 -2.3064345121383667e-02</internalNodes>
      <leafValues>
        -3.3474281430244446e-01 4.8310095071792603e-01</leafValues></_>
    <_>
      <internalNodes>
        0 -1 37640 -3.2948595471680164e-03</internalNodes>
      <leafValues>
        1.9207945466041565e-01 -8.9216250181198120e-01</leafValues></_>
    <_>
      <internalNodes>
        0 -1 39821 7.6573726255446672e-04</internalNodes>
      <leafValues>
        -3.5314592719078064e-01 5.0151789188385010e-01</leafValues></_>
    <_>
      <internalNodes>
        0 -1 1169 2.6094717904925346e-03</internalNodes>
      <leafValues>
        1.6098572313785553e-01 -9.0651684999465942e-01</leafValues></_>
    <_>
      <internalNodes>
        0 -1 131521 -9.4613991677761078e-04</internalNodes>
      <leafValues>
        5.0498062372207642e-01 -3.7043938040733337e-01</leafValues></_></weakClassifiers></stage18>
</opencv_storage>
