<?xml version="1.0"?>
<opencv_storage>
<stage15>
  <maxWeakCount>8</maxWeakCount>
  <stageThreshold>-5.0980323553085327e-01</stageThreshold>
  <weakClassifiers>
    <_>
      <internalNodes>
        0 -1 25014 2.0978730171918869e-03</internalNodes>
      <leafValues>
        -1.9018404185771942e-01 8.3783781528472900e-01</leafValues></_>
    <_>
      <internalNodes>
        0 -1 102368 -1.2184454500675201e-01</internalNodes>
      <leafValues>
        -6.4830785989761353e-01 2.6583823561668396e-01</leafValues></_>
    <_>
      <internalNodes>
        0 -1 157475 -1.1649368330836296e-02</internalNodes>
      <leafValues>
        2.2404457628726959e-01 -8.2256996631622314e-01</leafValues></_>
    <_>
      <internalNodes>
        0 -1 143023 -7.4233685154467821e-04</internalNodes>
      <leafValues>
        9.2483562231063843e-01 -2.4122343957424164e-01</leafValues></_>
    <_>
      <internalNodes>
        0 -1 138280 -1.5902945306152105e-03</internalNodes>
      <leafValues>
        8.1220763921737671e-01 -2.2489933669567108e-01</leafValues></_>
    <_>
      <internalNodes>
        0 -1 121437 -2.4972531944513321e-02</internalNodes>
      <leafValues>
        4.0757328271865845e-01 -4.6257290244102478e-01</leafValues></_>
    <_>
      <internalNodes>
        0 -1 153127 2.5981295853853226e-02</internalNodes>
      <leafValues>
        -3.3544421195983887e-01 6.6631090641021729e-01</leafValues></_>
    <_>
      <internalNodes>
        0 -1 35078 -3.5889842547476292e-03</internalNodes>
      <leafValues>
        4.9863785505294800e-01 -3.8798239827156067e-01</leafValues></_></weakClassifiers></stage15>
</opencv_storage>
