<?xml version="1.0"?>
<opencv_storage>
<stage19>
  <maxWeakCount>8</maxWeakCount>
  <stageThreshold>-4.5425668358802795e-01</stageThreshold>
  <weakClassifiers>
    <_>
      <internalNodes>
        0 -1 72148 3.6202427744865417e-01</internalNodes>
      <leafValues>
        -3.1386861205101013e-01 6.8253970146179199e-01</leafValues></_>
    <_>
      <internalNodes>
        0 -1 39191 -1.2028401717543602e-02</internalNodes>
      <leafValues>
        -6.2697917222976685e-01 2.7153533697128296e-01</leafValues></_>
    <_>
      <internalNodes>
        0 -1 7427 2.4431794881820679e-03</internalNodes>
      <leafValues>
        -3.0669584870338440e-01 6.5551584959030151e-01</leafValues></_>
    <_>
      <internalNodes>
        0 -1 118974 2.9568542959168553e-04</internalNodes>
      <leafValues>
        -2.7149322628974915e-01 6.4773416519165039e-01</leafValues></_>
    <_>
      <internalNodes>
        0 -1 99001 1.6292757354676723e-03</internalNodes>
      <leafValues>
        3.7937915325164795e-01 -5.5971592664718628e-01</leafValues></_>
    <_>
      <internalNodes>
        0 -1 40891 2.5813537649810314e-03</internalNodes>
      <leafValues>
        -3.7925416231155396e-01 5.9103322029113770e-01</leafValues></_>
    <_>
      <internalNodes>
        0 -1 39272 -5.1613878458738327e-02</internalNodes>
      <leafValues>
        6.4070147275924683e-01 -3.1788390874862671e-01</leafValues></_>
    <_>
      <internalNodes>
        0 -1 128051 -4.7114202752709389e-03</internalNodes>
      <leafValues>
        5.1546651124954224e-01 -4.3520277738571167e-01</leafValues></_></weakClassifiers></stage19>
</opencv_storage>
