<?xml version="1.0"?>
<opencv_storage>
<stage0>
  <maxWeakCount>3</maxWeakCount>
  <stageThreshold>-1.0176035165786743e+00</stageThreshold>
  <weakClassifiers>
    <_>
      <internalNodes>
        0 -1 1088 -4.8701610416173935e-02</internalNodes>
      <leafValues>
        8.9795917272567749e-01 -8.6274510622024536e-01</leafValues></_>
    <_>
      <internalNodes>
        0 -1 42900 -1.2129037082195282e-01</internalNodes>
      <leafValues>
        -7.9701191186904907e-01 9.0143781900405884e-01</leafValues></_>
    <_>
      <internalNodes>
        0 -1 107412 -1.4035004191100597e-02</internalNodes>
      <leafValues>
        6.4215344190597534e-01 -8.1515300273895264e-01</leafValues></_></weakClassifiers></stage0>
</opencv_storage>
