<?xml version="1.0"?>
<opencv_storage>
<stage16>
  <maxWeakCount>10</maxWeakCount>
  <stageThreshold>-5.0029534101486206e-01</stageThreshold>
  <weakClassifiers>
    <_>
      <internalNodes>
        0 -1 152608 4.9935914576053619e-02</internalNodes>
      <leafValues>
        -7.3076921701431274e-01 2.5675675272941589e-01</leafValues></_>
    <_>
      <internalNodes>
        0 -1 4266 -5.7589955627918243e-02</internalNodes>
      <leafValues>
        5.4029440879821777e-01 -3.8713321089744568e-01</leafValues></_>
    <_>
      <internalNodes>
        0 -1 159758 -4.5018107630312443e-03</internalNodes>
      <leafValues>
        3.6893340945243835e-01 -5.5586969852447510e-01</leafValues></_>
    <_>
      <internalNodes>
        0 -1 104440 1.0048641124740243e-03</internalNodes>
      <leafValues>
        -2.7725291252136230e-01 6.8786442279815674e-01</leafValues></_>
    <_>
      <internalNodes>
        0 -1 125609 3.6341144004836679e-04</internalNodes>
      <leafValues>
        -2.7706080675125122e-01 5.8391779661178589e-01</leafValues></_>
    <_>
      <internalNodes>
        0 -1 47843 -2.4153970298357308e-04</internalNodes>
      <leafValues>
        5.8761733770370483e-01 -3.1302726268768311e-01</leafValues></_>
    <_>
      <internalNodes>
        0 -1 148397 -5.2904900163412094e-02</internalNodes>
      <leafValues>
        5.2067816257476807e-01 -3.5043209791183472e-01</leafValues></_>
    <_>
      <internalNodes>
        0 -1 118565 -7.7249839901924133e-02</internalNodes>
      <leafValues>
        -4.5248672366142273e-01 4.7390845417976379e-01</leafValues></_>
    <_>
      <internalNodes>
        0 -1 85325 9.7969481430482119e-05</internalNodes>
      <leafValues>
        -5.3250998258590698e-01 4.4357207417488098e-01</leafValues></_>
    <_>
      <internalNodes>
        0 -1 120781 -1.7137872055172920e-03</internalNodes>
      <leafValues>
        7.3356962203979492e-01 -2.6335796713829041e-01</leafValues></_></weakClassifiers></stage16>
</opencv_storage>
