<?xml version="1.0"?>
<opencv_storage>
<stage9>
  <maxWeakCount>7</maxWeakCount>
  <stageThreshold>-7.5945240259170532e-01</stageThreshold>
  <weakClassifiers>
    <_>
      <internalNodes>
        0 -1 271 -9.4146672636270523e-03</internalNodes>
      <leafValues>
        4.6456691622734070e-01 -8.0821919441223145e-01</leafValues></_>
    <_>
      <internalNodes>
        0 -1 59955 4.2361326515674591e-02</internalNodes>
      <leafValues>
        -4.9420493841171265e-01 5.1595616340637207e-01</leafValues></_>
    <_>
      <internalNodes>
        0 -1 147824 2.3587973555549979e-04</internalNodes>
      <leafValues>
        -3.2394063472747803e-01 7.0321017503738403e-01</leafValues></_>
    <_>
      <internalNodes>
        0 -1 146647 1.4582752482965589e-03</internalNodes>
      <leafValues>
        -3.5411146283149719e-01 7.4866598844528198e-01</leafValues></_>
    <_>
      <internalNodes>
        0 -1 29901 -3.9649611711502075e-01</internalNodes>
      <leafValues>
        -6.6389375925064087e-01 4.6807238459587097e-01</leafValues></_>
    <_>
      <internalNodes>
        0 -1 26559 -1.3057461380958557e-01</internalNodes>
      <leafValues>
        -9.8489844799041748e-01 2.2983831167221069e-01</leafValues></_>
    <_>
      <internalNodes>
        0 -1 130173 -2.3680926824454218e-04</internalNodes>
      <leafValues>
        6.2792837619781494e-01 -4.0958014130592346e-01</leafValues></_></weakClassifiers></stage9>
</opencv_storage>
