<?xml version="1.0"?>
<opencv_storage>
<stage10>
  <maxWeakCount>7</maxWeakCount>
  <stageThreshold>-8.6979734897613525e-01</stageThreshold>
  <weakClassifiers>
    <_>
      <internalNodes>
        0 -1 37768 1.5924727544188499e-02</internalNodes>
      <leafValues>
        -5.2941179275512695e-01 5.5102038383483887e-01</leafValues></_>
    <_>
      <internalNodes>
        0 -1 1674 -3.9066141843795776e-01</internalNodes>
      <leafValues>
        3.3582699298858643e-01 -6.4136427640914917e-01</leafValues></_>
    <_>
      <internalNodes>
        0 -1 85783 -6.3163307495415211e-03</internalNodes>
      <leafValues>
        -6.7417138814926147e-01 4.1229763627052307e-01</leafValues></_>
    <_>
      <internalNodes>
        0 -1 27039 -5.9028202667832375e-03</internalNodes>
      <leafValues>
        4.1404464840888977e-01 -5.4664295911788940e-01</leafValues></_>
    <_>
      <internalNodes>
        0 -1 129802 -9.6244923770427704e-04</internalNodes>
      <leafValues>
        5.4275244474411011e-01 -4.0689012408256531e-01</leafValues></_>
    <_>
      <internalNodes>
        0 -1 77326 -2.6437186170369387e-04</internalNodes>
      <leafValues>
        7.4668771028518677e-01 -2.7310553193092346e-01</leafValues></_>
    <_>
      <internalNodes>
        0 -1 1044 -5.9677602257579565e-04</internalNodes>
      <leafValues>
        2.7495488524436951e-01 -8.1859618425369263e-01</leafValues></_></weakClassifiers></stage10>
</opencv_storage>
