<?xml version="1.0"?>
<opencv_storage>
<stage11>
  <maxWeakCount>5</maxWeakCount>
  <stageThreshold>-7.8523576259613037e-01</stageThreshold>
  <weakClassifiers>
    <_>
      <internalNodes>
        0 -1 114754 -1.5972632169723511e-01</internalNodes>
      <leafValues>
        -9.5348834991455078e-01 2.6114648580551147e-01</leafValues></_>
    <_>
      <internalNodes>
        0 -1 72670 -2.7485108375549316e-01</internalNodes>
      <leafValues>
        2.1253226697444916e-01 -8.9522242546081543e-01</leafValues></_>
    <_>
      <internalNodes>
        0 -1 158361 2.4712879210710526e-02</internalNodes>
      <leafValues>
        -6.4613372087478638e-01 3.4530958533287048e-01</leafValues></_>
    <_>
      <internalNodes>
        0 -1 73158 4.6484107151627541e-03</internalNodes>
      <leafValues>
        -3.1091988086700439e-01 6.8813890218734741e-01</leafValues></_>
    <_>
      <internalNodes>
        0 -1 162096 6.3911924371495843e-04</internalNodes>
      <leafValues>
        -2.1807509660720825e-01 9.1277396678924561e-01</leafValues></_></weakClassifiers></stage11>
</opencv_storage>
