<?xml version="1.0"?>
<opencv_storage>
<stage4>
  <maxWeakCount>5</maxWeakCount>
  <stageThreshold>-9.1911417245864868e-01</stageThreshold>
  <weakClassifiers>
    <_>
      <internalNodes>
        0 -1 234 -3.2828740775585175e-02</internalNodes>
      <leafValues>
        5.6302523612976074e-01 -8.2716047763824463e-01</leafValues></_>
    <_>
      <internalNodes>
        0 -1 64649 -1.1171477288007736e-01</internalNodes>
      <leafValues>
        -8.3522611856460571e-01 4.0655538439750671e-01</leafValues></_>
    <_>
      <internalNodes>
        0 -1 147409 -5.0112704047933221e-04</internalNodes>
      <leafValues>
        6.1988800764083862e-01 -5.4484754800796509e-01</leafValues></_>
    <_>
      <internalNodes>
        0 -1 152607 5.6799203157424927e-02</internalNodes>
      <leafValues>
        -6.3978546857833862e-01 5.6176352500915527e-01</leafValues></_>
    <_>
      <internalNodes>
        0 -1 120194 8.1270304508507252e-04</internalNodes>
      <leafValues>
        -4.2959100008010864e-01 7.6316988468170166e-01</leafValues></_></weakClassifiers></stage4>
</opencv_storage>
